hugo,CRC_ACCC_03,CRC_ACCC_04,CRC_ACCC_05,CRC_ACCC_06,CRC_ACCC_07,CRC_ACCC_08,CRC_ACCC_09,CRC_ACCC_13,CRC_ACCC_15,CRC_ACCC_16,CRC_ACCC_17,CRC_ACCC_18,CRC_ACCC_19,CRC_ACCC_20,CRC_ACCC_21,CRC_ACCC_23,CRC_ACCC_24,CRC_ACCC_25,CRC_ACCC_26,CRC_ACCC_27,CRC_ACCC_01,CRC_ACCC_11,CRC_ACCC_12,CRC_ACCC_14,CRC_ACCC_22,CRC_ACCC_28,CRC_ACCC_29
TP53,missense;Loss,missense;LOH,NA,frameshift_del;missense,missense,NA,NA,NA,NA,stop_gained,NA,missense;Loss,missense;Loss,missense;Loss,NA,stop_gained;Loss,missense,missense,NA,missense;Loss,missense,stop_gained;Loss,NA,stop_gained,NA,Loss,NA
APC,frameshift_del;stop_gained,frameshift_insert;stop_gained,NA,missense,frameshift_del;stop_gained,NA,NA,stop_gained,missense;stop_gained,NA,frameshift_insert;stop_gained,frameshift_del;Loss,stop_gained,frameshift_insert,NA,stop_gained;LOH,frameshift_insert;missense,frameshift_del;stop_gained,NA,stop_gained;Loss,stop_gained,NA,stop_gained,NA,NA,Loss,NA
BCL9,NA,NA,frameshift_del,frameshift_insert,NA,NA,NA,NA,NA,NA,frameshift_del,NA,NA,NA,NA,NA,NA,NA,NA,NA,NA,NA,NA,NA,NA,NA,NA
ACVR2A,NA,NA,frameshift_del,frameshift_del,NA,NA,frameshift_del,NA,missense,NA,NA,NA,NA,NA,frameshift_del,frameshift_insert,frameshift_del,NA,NA,NA,Gain,NA,NA,NA,NA,NA,NA
PTEN,NA,NA,frameshift_del,NA,NA,NA,NA,NA,missense,NA,NA,NA,NA,NA,NA,NA,start_lost,NA,NA,LOH,NA,NA,NA,NA,NA,LOH,NA
ATM,NA,NA,frameshift_del,NA,NA,NA,NA,NA,missense,NA,NA,NA,NA,NA,NA,NA,NA,NA,NA,NA,NA,Loss,NA,NA,NA,NA,NA
TBX3,NA,NA,frameshift_del;missense,NA,NA,NA,Gain,missense;Gain,NA,NA,Gain,Gain,NA,NA,NA,NA,NA,NA,NA,NA,Gain,NA,NA,NA,NA,LOH,NA
RNF6,Gain,NA,frameshift_insert,NA,NA,NA,NA,Gain,NA,Gain,NA,NA,Gain,Gain,frameshift_del,NA,NA,NA,NA,Gain,Gain,NA,Gain,NA,NA,Gain,NA
NIN,NA,NA,frameshift_del,NA,NA,NA,NA,NA,missense,NA,NA,NA,NA,NA,NA,NA,NA,NA,NA,LOH,NA,NA,NA,NA,NA,LOH,NA
DICER1,NA,LOH,frameshift_del,NA,NA,NA,NA,NA,stop_gained;missense,NA,NA,Loss,NA,NA,NA,NA,NA,NA,NA,LOH,NA,NA,NA,NA,NA,LOH,NA
FLCN,Loss,LOH,frameshift_del,frameshift_del;missense,NA,NA,NA,NA,missense,NA,NA,NA,Loss,Loss,NA,Loss,NA,NA,NA,Loss,NA,Loss,NA,NA,NA,Loss,NA
RNF43,Gain,LOH,frameshift_del,NA,NA,NA,frameshift_insert;frameshift_del,NA,NA,NA,NA,NA,NA,Loss,frameshift_del,NA,frameshift_del;stop_gained,NA,NA,NA,NA,stop_gained;Loss,NA,NA,NA,LOH,NA
BCORL1,Gain,NA,frameshift_del;LOH,NA,NA,NA,frameshift_del,frameshift_del;Gain,NA,NA,NA,Gain,Gain,Gain,frameshift_del,Gain,NA,NA,NA,Gain,NA,NA,NA,NA,NA,NA,NA
PIK3CA,NA,NA,NA,frameshift_del,NA,NA,NA,NA,NA,NA,missense,NA,NA,Gain,missense,NA,missense,NA,NA,Gain,Gain,LOH,NA,NA,NA,NA,NA
CARD11,NA,NA,Gain,frameshift_del,NA,NA,NA,NA,missense,Gain,NA,NA,Gain,Gain,missense,Gain,NA,NA,NA,NA,NA,NA,NA,NA,NA,NA,NA
BRCA2,Gain,NA,NA,frameshift_del,NA,NA,NA,Gain,missense,Gain,NA,NA,Gain,Gain,NA,NA,frameshift_del,NA,NA,Gain,Gain,NA,Gain,NA,NA,Gain,NA
SOX9,Gain,LOH,NA,NA,NA,NA,NA,frameshift_insert,NA,NA,NA,NA,NA,Loss,inframe_deletion,NA,NA,NA,NA,NA,missense,Loss,NA,NA,NA,LOH,NA
NF1,Gain,NA,NA,missense,NA,NA,NA,NA,NA,frameshift_insert,NA,NA,NA,Loss,NA,NA,NA,NA,NA,NA,NA,Loss,NA,NA,NA,NA,NA
FANCD2,NA,NA,NA,NA,NA,NA,NA,NA,NA,NA,frameshift_insert,NA,NA,NA,NA,NA,NA,NA,NA,Gain,Gain,LOH,NA,NA,NA,LOH,NA
FBXW7,NA,NA,stop_gained,missense,NA,NA,NA,stop_gained,NA,NA,frameshift_insert,Loss,NA,Loss,NA,missense,NA,NA,NA,NA,NA,Loss,NA,NA,NA,NA,NA
SMARCA4,NA,NA,missense,NA,NA,NA,NA,NA,NA,NA,frameshift_del;stop_gained,NA,NA,NA,missense,NA,NA,NA,NA,NA,NA,NA,NA,NA,NA,NA,NA
ARID1A,NA,NA,NA,NA,NA,NA,NA,NA,stop_gained;missense,NA,NA,Loss,NA,NA,frameshift_del,NA,NA,NA,NA,NA,NA,Loss,NA,NA,NA,LOH,NA
TGFBR2,NA,NA,NA,NA,NA,NA,NA,NA,missense,NA,NA,NA,NA,Gain,frameshift_del,NA,frameshift_del,NA,NA,Gain,Gain,LOH,NA,NA,NA,LOH,NA
KMT2C,NA,NA,NA,splice_site,NA,NA,NA,NA,stop_gained;missense,NA,NA,NA,Gain,Loss,frameshift_del;missense,NA,NA,NA,NA,Gain,NA,NA,NA,NA,NA,NA,NA
BCL9L,NA,NA,NA,NA,NA,NA,NA,NA,missense,NA,NA,NA,NA,NA,frameshift_del,NA,frameshift_del,NA,NA,NA,NA,NA,NA,NA,NA,NA,NA
FAT4,NA,NA,NA,missense,NA,NA,NA,NA,missense;stop_gained,NA,missense,Loss,NA,Loss,NA,frameshift_del,NA,NA,NA,NA,NA,Loss,NA,NA,NA,NA,NA
GRIN2A,Loss,NA,NA,NA,NA,NA,NA,NA,missense,NA,NA,NA,NA,Gain,missense,NA,frameshift_del,NA,NA,Gain,NA,NA,NA,NA,NA,NA,NA
SMAD4,missense;Loss,LOH,NA,NA,NA,NA,NA,NA,missense;stop_gained,NA,NA,Loss,Loss,Loss,NA,Loss,NA,NA,NA,Loss,missense;Loss,Loss,NA,NA,NA,Loss,NA
CTNNB1,NA,NA,NA,NA,NA,NA,NA,NA,NA,NA,NA,NA,NA,Gain,NA,NA,NA,NA,NA,Gain,stop_gained;Gain,LOH,NA,NA,NA,missense;LOH,NA
LATS1,NA,NA,NA,NA,NA,NA,NA,NA,missense,NA,NA,NA,NA,NA,NA,NA,NA,NA,NA,NA,NA,Loss,NA,NA,NA,NA,NA
TCF7L2,NA,NA,NA,NA,NA,NA,NA,NA,NA,NA,NA,NA,NA,missense,missense,NA,NA,NA,NA,LOH,NA,LOH,NA,NA,NA,LOH,NA
ERBB3,NA,NA,NA,NA,NA,NA,Gain,Gain,NA,NA,Gain,NA,NA,NA,missense,NA,NA,NA,NA,NA,Gain,NA,NA,NA,NA,LOH,NA
SMAD3,NA,NA,NA,NA,NA,NA,NA,NA,missense,NA,NA,Loss,Loss,stop_gained;Loss,NA,NA,NA,NA,NA,Loss,NA,LOH,NA,NA,NA,Loss,NA
MTOR,NA,NA,missense,NA,NA,NA,NA,NA,missense,NA,NA,Loss,NA,NA,NA,NA,NA,NA,NA,NA,NA,Loss,NA,NA,NA,LOH,NA
WNK2,NA,NA,missense,NA,NA,NA,NA,NA,NA,NA,NA,missense;Loss,NA,NA,NA,NA,NA,NA,NA,NA,Gain,NA,NA,NA,NA,Loss,NA
ERBB2,NA,NA,missense,missense,NA,NA,NA,NA,missense,NA,NA,NA,NA,Loss,missense,NA,NA,NA,NA,NA,NA,Loss,NA,NA,NA,NA,NA
GNAS,Gain,NA,missense,missense,NA,NA,NA,NA,NA,Gain,NA,NA,Gain,missense;Gain,NA,Gain,NA,NA,NA,Gain,Gain,NA,Gain,NA,NA,Gain,NA
BIRC6,NA,NA,NA,missense,NA,NA,NA,NA,splice_site;missense,NA,NA,NA,NA,NA,missense,Loss,missense,NA,NA,NA,Gain,LOH,NA,NA,NA,NA,NA
MYH9,NA,NA,NA,missense;stop_gained,NA,NA,NA,NA,missense;splice_site,NA,NA,Loss,NA,Loss,NA,NA,missense,NA,NA,NA,NA,Loss,NA,NA,NA,NA,NA
EP300,NA,NA,NA,missense,NA,NA,NA,NA,missense,NA,NA,Loss,Gain,Loss,NA,NA,NA,NA,NA,NA,NA,Loss,NA,NA,NA,NA,NA
PTPRC,NA,NA,NA,NA,NA,NA,NA,NA,missense,NA,missense,NA,NA,NA,NA,NA,NA,NA,NA,NA,NA,NA,NA,NA,NA,NA,NA
MAP3K1,NA,NA,NA,NA,NA,NA,NA,NA,missense,NA,NA,Loss,NA,NA,NA,LOH,NA,NA,NA,NA,NA,NA,NA,NA,NA,NA,NA
ARID1B,NA,NA,NA,NA,NA,NA,NA,NA,missense,NA,NA,NA,NA,NA,missense,NA,NA,NA,NA,NA,NA,Loss,NA,NA,NA,NA,NA
EGFR,Gain,NA,Gain,NA,NA,NA,NA,NA,missense,NA,NA,NA,Gain,Loss,NA,Gain,NA,NA,NA,Gain,NA,NA,NA,NA,NA,NA,NA
EIF3E,Gain,NA,NA,NA,NA,NA,NA,NA,missense,NA,NA,NA,Gain,NA,NA,Gain,NA,NA,NA,NA,NA,Loss,NA,NA,NA,Gain,NA
MAP2K4,Loss,LOH,NA,NA,NA,NA,NA,NA,missense;stop_gained,NA,NA,Loss,NA,Loss,NA,Loss,NA,NA,NA,Loss,NA,Loss,NA,NA,NA,Loss,NA
BCOR,Gain,NA,NA,NA,NA,NA,NA,Gain,NA,Gain,NA,NA,NA,missense,NA,Gain,NA,NA,NA,Gain,NA,NA,NA,NA,NA,NA,NA
CCDC6,NA,NA,NA,NA,NA,NA,NA,NA,NA,NA,NA,NA,NA,NA,NA,NA,missense,NA,NA,LOH,NA,NA,NA,NA,NA,LOH,NA
BRAF,NA,NA,NA,missense,NA,NA,NA,NA,missense,NA,missense,NA,Gain,Loss,Gain,missense,missense,NA,NA,Gain,NA,missense,NA,NA,NA,missense,NA
HRAS,NA,NA,NA,NA,NA,NA,NA,NA,missense,NA,NA,NA,NA,NA,NA,NA,NA,NA,NA,NA,NA,NA,NA,NA,NA,NA,NA
FAT3,NA,NA,NA,NA,NA,NA,NA,NA,missense,NA,NA,NA,NA,NA,NA,NA,NA,NA,NA,NA,NA,NA,NA,missense,NA,NA,NA
KRAS,NA,NA,NA,NA,missense,NA,Gain,missense;Loss,NA,NA,NA,missense;Gain,NA,NA,Gain,missense,NA,NA,NA,missense,missense;Gain,Loss,NA,NA,NA,NA,NA
NBEA,Gain,NA,missense,NA,NA,NA,NA,Gain,NA,Gain,NA,NA,Gain,NA,NA,NA,NA,NA,NA,Gain,NA,missense,Gain,NA,NA,Gain,NA
NRAS,NA,NA,NA,NA,NA,NA,NA,NA,NA,NA,NA,NA,missense,Loss,NA,NA,NA,NA,NA,NA,NA,Loss,NA,NA,NA,LOH,NA
